所在城市,医院名称,目前处理进度（不定时更新）,所需物资,规格,地址,联系方式,其他信息,,
 荆门,荆门市第一人民医院,已收到部分物资，仍需要大量物资。（最后更新：25日13:34）,N95/外科口罩/护目镜/防护服/一次性手术服/防冲击眼罩/防护面罩/医用帽,N95(9132/1860)口罩(GB19083-2010)医用外科口罩(YY0469-2010)医用防护服(GB19082-2003《医用一次性防护服技术要求》),湖北省荆门市象山大道168号,"0724-8680787（捐赠）
18908691003（值班）",,,
荆门钟祥,钟祥市人民医院,缺少：防护服1万 防护口罩2万 外科口罩5万（最后更新：25日13:53） ,N95/外科口罩/护目镜/防护服/一次性手术服/防冲击眼罩/防护面罩," 医用防护N95：GB19083-2010
医用外科口罩：YY0469-2011
防护服 ：GB 19082-2003《医用一次性防护服技术要求》",钟祥市人民医院采购科,肖斯洋 13997946966,今晚8点荆门可能封城，货车可能送不到，但是可以用救护车去和货车对接。顺丰速运可能可以送到,,500个n9
 荆门,荆门市第二人民医院,仍需要-1月25日下午5点,N95口罩，一次性医用防护服，防护眼镜/眼罩/护目镜，医用一次性乳胶手套，长筒胶鞋，防水、防污染鞋套，医用外科口罩，防污染靴套，一次性圆帽,"符合《医用防护口罩技术要求》GB19083-2010，符合《医用一次性防护服技术要求》GB19082-2009,视野宽阔、透亮度好、有姣好的放溅性能、弹力带佩戴，手套GB10213-2006，医用外科口罩YY0469-2011。",湖北省荆门市象山大道39号,2633040/13971846667（周科长）,已核实-人际信源,,
荆门,"荆门市中医医院
（市石化医院）",尚未接到物资援助，目前只有一单网友淘宝购买的十瓶消毒液在路上。一次性防护服、隔离衣、外科口罩、过氧乙酸库房零库存。（最后更新25日18：50,"N95口罩/医用外科口罩/一次性医用口罩/医用帽/一次性手术衣/防护服/防护眼镜/眼罩/护目镜/防护面罩/医用一次性乳胶手套
",医用防护口罩GB19083-2010医用外科口罩YY0469-2010医用一次性乳胶手套GB10213-2006防护服符合GB19082-2009,湖北省荆门市掇刀区白庙鹿路15号荆门市中医医院设备科,宫波13986966677         周晓燕13677238432       总值班：0724-2278004,尚未通过官方渠道核实这个渠道为真-但对方的需求是我们调查得知的-求有渠道的朋友核实,,
荆门,荆门市肺炎疫情防控指挥部,,,,,艾勇13908698735,已核实-来源丁香园,,
咸宁,咸宁市中医医院,库存（只能坚持几天）：防护服剩8 护目无 N95口罩135个  需要：大号防护服1万、N95口罩4千、中号面罩5千、护目镜300个 交通：货车可以送到最近处对接警车（最后更新：25日19:19,N95/外科口罩/护目镜/防护服/一次性手术服/医用帽/乳胶手套," 医用防护N95：GB19083-2010
医用外科口罩：YY0469-2011
防护服 ：GB 19082-2003《医用一次性防护服技术要求》",咸宁市温泉滨河西街17号咸宁市中医院,"陈斌13997540442
陈柏松13972839618",交通：货车可以送到最近处对接警车 、顺丰。      已核实：咸宁日报  ,,
咸宁,咸宁市结核病防治院,库存：最多支撑一周。需要：防护服1000 护目镜1000 N95口罩五千。,N95/外科口罩/护目镜/防护服/一次性手术服/防冲击眼罩/防护面罩/医用帽," 医用防护N95：GB19083-2010
医用外科口罩：YY0469-2011
防护服 ：GB 19082-2003《医用一次性防护服技术要求》",湖北省咸宁市温泉马柏大道166 号咸宁市结核病防治院药械科,"焦老师13972859226;
李老师159269320094（号码有误）",未核实。防护服1000 护目镜1000 N95口罩五千。货车进不去，警车可以对接货车，顺丰。,,
咸宁嘉鱼,嘉鱼县人民医院,仍未联系上,N95/外科口罩/护目镜/防护服/一次性手术服/防冲击眼罩/防护面罩/紫外线消毒车,"医用防护口罩：GB19083-2010
医用外科口罩：YY0469-2011
医用防护服 ：GB 19082-2003
一次性使用灭菌医用橡胶检查手套、一次性使用手术衣、医用紫外线消毒车（医用器械注册证）",嘉鱼县发展大道190号人民医院设备科,许军勇主任13687145730,已核实：咸宁日报。货车可以送到最近处对接警车 、顺丰,,
咸宁,咸宁市中心医院,（确认）库存：防护口罩500、外科口罩7千 护目镜无、防护面罩60 需要护目镜500、防护面罩1千、外科口罩2万，防护口罩2千（最后更新：25日19:46）,n95/护目镜/外科口罩/一次性医用口罩/医用帽/防护服/手术衣/护目镜,医用防护口罩GB19083-2010医用外科口罩YY 0469-2010   防护服符合GB19082-2003,湖北省咸宁市咸安区金桂路228号咸宁市中心医院 华中科技大学同济咸宁医院后勤药学楼物资采购中心（4楼）,"毛老师13997502572
吴老师13872192920",已核实：咸宁日报。货车可以送到最近处对接警车 、顺丰,,500个n9
咸宁,咸宁市第一人民医院,急需，最多支撑两天！库存：护目镜8个、防护服370、头套0、隔离衣0、酒精400瓶。N95口罩1400个。需要：75酒精1千瓶*500ml、护目镜3千，N95口罩1万、防护衣1千,酒精、护目镜、N95口罩、防护服,医用防护口罩GB19083-2010医用外科口罩YY 0469-2010   防护服符合GB19082-2003,咸宁市第一人民医院设备仓库,设备仓库陈梅:13476898168肖勇:18986611058,已核实：咸宁日报。货车可以送到最近处对接警车 、顺丰,,
黄石市,黄石爱康医院,稍后短信联系（最后更新：25日14:56）,N95/外科口罩/护目镜/防护服/一次性手术服/防冲击眼罩/防护面罩/医用帽," 医用防护N95：GB19083-2010
医用外科口罩：YY0469-2011
防护服 ：GB 19082-2003《医用一次性防护服技术要求》",黄石市西塞山区颐阳路562号,朱老师: 13886481001,已核实：黄石日报。稍后短信联系,,
黄石,鄂东医疗集团黄石说中医医院（市传染病医院）,,,,,金主任13907234616；王主任13872079000,丁香园核实,,
黄石,黄石市中心医院,防护服5万 护目镜5万   N95口罩5万   外科口罩5万  货车不确定 顺丰绿色通道。（最后更新：25日14:29）,N95/外科口罩/护目镜/防护服/一次性手术服/防冲击眼罩/防护面罩/医用帽," 医用防护N95：GB19083-2010
医用外科口罩：YY0469-2011
防护服 ：GB 19082-2003《医用一次性防护服技术要求》",湖北省黄石市黄石港区天津路141号,"张老师18186011616
周老师13986572280
胡老师13451065900",已核实：黄石发布。防护服5万 护目镜5万   N95口罩5万   外科口罩5万  货车不确定 顺丰绿色通道。,,
黄石,黄石有色医院,,N95/外科口罩/护目镜/一次性医用口罩/防护服/手术衣/防冲击眼罩/防护面罩/医用帽/防污染鞋套," 医用防护N95：GB19083-2010
医用外科口罩：YY0469-2011
防护服 ：GB 19082-2009《医用一次性防护服技术要求》",湖北省黄石市下陆区新下陆街228号黄石有色医院保障部,蔡老师+86 13597721429；张老师 +86 18995807852,,,
黄石,阳新县人民医院,,,,,周理河13669042989,丁香园核实信息,,
黄冈,黄冈市总医院,"医院口罩，防护衣，面罩，隔离衣，体温枪
规格：一般医用口罩也可以，如果有标号高的更好
",,,湖北省黄冈市黄州区黄州大道（黄州总医院）,"联系人：童惠
电话：13607258396
",,,
黄冈蕲春,蕲春县人民医院,防护服1千 护目镜1千   N95口罩1千  外科口罩1千  货车可以 顺丰可以（最后更新：25日14:40）,N95/外科口罩/护目镜/防护服/一次性手术服/防冲击眼罩/防护面罩/医用帽/鞋套,"N95口罩：GB19083-2010
医用外科口罩：YY0469-2011
防护服 ：GB 19082-2009《医用一次性防护服技术要求》
防护眼镜：视野开阔，有弹力带佩戴，具有防溅功能
医用一次性乳胶手套：GB10213-2009",湖北省黄冈市蕲春县漕河大道198号,袁科长13971729826,防护服1千 护目镜1千   N95口罩1千  外科口罩1千  货车可以 顺丰可以,,已配送
黄冈红安,红安县人民医院,防护服5千 N95口罩5千  面罩1千 顺丰绿色通道（最后更新：25日14:47）,N95/外科口罩/护目镜/防护服/一次性手术服/医用帽/鞋套,"医用防护N95：GB19083-2010
医用外科口罩：YY0469-2011
防护服 ：GB 19082-2003《医用一次性防护服技术要求》
防护眼镜：GB19082-2009
医用手套：GB10213-2006",红安县城关镇陵园大道附50号,"24小时值班电话
0713 52423204
设备科周主任:13636105950",防护服5千 N95口罩5千  面罩1千 顺丰绿色通道,,
黄冈,黄冈市中心医院,,N95/外科口罩/护目镜/防护服/一次性手术服/防冲击眼罩/防护面罩/紫外线消毒车," 医用防护N95：GB19083-2010
医用外科口罩：YY0469-2011
防护服 ：GB 19082-2003《医用一次性防护服技术要求》
一次性手术衣：有注册证
医用紫外线消毒车：有注册证",湖北省黄冈市考棚街11号湖北省黄冈市中心医院病毒性肺炎防控工作指挥部,"杨女士18986552717
0713- 8625818",,,护目镜200个
黄冈,黄梅县人民医院,1.最缺医用防护服（1000）N95（能给多少给多少) 消毒产品（能给多少给多少） 2.顺丰和京东都可以通（最后更新：25日14:53）,N95/外科口罩/护目镜/防护服/一次性医用口罩/医用帽/手术衣/防冲击眼罩/75%酒精/手部皮肤消毒液/84消毒液/检查手套/过氧乙酸/医用鞋套/医用防护雨靴/防护面罩,"医用防护口罩：GB19083-2010
医用外科口罩：YY0469-2010
防护服 ：GB 19082-2003《医用一次性防护服技术要求》",湖北省黄梅县五祖大道137号黄梅县人民医院药剂科,梅泽文 13972717079  戴立东 13476768682,1.最缺医用防护服（1000）N95（能给多少给多少) 消毒产品（能给多少给多少） 2.顺丰和京东都可以通,,
黄冈市浠水,浠水县中医院,,N95/医用防护服/医用一次性乳胶手套/护目镜/防污染鞋套/医用外科口罩/医用帽/一次性手术衣/防护面罩,"医用防护N95：GB19083-2010
医用外科口罩：YY0469-2011
防护服 ：GB 19082-2009《医用一次性防护服技术要求》
防护眼镜：视野开阔，有弹力带佩戴，具有防溅功能
医用一次性乳胶手套：GB10213-2006",浠水县清泉镇民政路140号,叶奇志 15327748777,,,
黄冈团风县,团风县人民医院,防护服5千N95口罩5千  面罩1千  通道畅通 顺丰绿色通道可以送进（最后更新：25日14:44）,N95/外科口罩/护目镜/防护服/一次性手术服/医用帽/乳胶手套,"医用防护N95：GB19083-2010
医用外科口罩：YY0469-2011
防护服 ：GB 19082-2009《医用一次性防护服技术要求》
防护眼镜：视野开阔，有弹力带佩戴，具有防溅功能
医用手套：GB10213-2006
防污染鞋套、医用帽子、一次性使用手术衣、防护面罩",团风县人民医院新城广场路15号,"唐华波13476720207 (设备科)
龚勇15971365292 (应急办)",防护服5千N95口罩5千  面罩1千  通道畅通 顺丰绿色通道可以送进,,
随州,随州市中心医院,护目镜18个，N95口罩，隔离衣,N95/外科口罩/护目镜/防护服,"医用防护口罩：GB19083-2010
医用外科口罩：YY0469-2011
防护服 ：GB 19082-2003《医用一次性防护服技术要求》
",湖北省随州市文帝大道季梁佳园市中心医院文帝院区,唐千惠15272854818,,,
孝感,孝感市第一人民医院,,N95/外科口罩/护目镜/防护服/一次性手术服/防冲击眼罩/防护面罩/医用帽/鞋套," 医用防护N95：GB19083-2010
医用外科口罩：YY0469-2011
防护服 ：GB 19082-2003《医用一次性防护服技术要求》",孝感市環川路215号孝感市第一人民医院耗材科,"0712-2289918
 冯主任: 13177259610",,,已配送n95 1000个
蔡甸,蔡甸区人民医院/协和江北医院,,N95/外科口罩/护目镜/防护服/一次性手术服/防冲击眼罩/防护面罩/医用帽,大量,蔡甸文昌街与新福路交叉口东南50米,沈主任：13971002662,,,
潜江,江汉油田总医院,,N95口罩、外科口罩、- -次性医用口罩、医用帽、防护服、手术衣、护目镜、防冲击眼罩、防护面罩。,,湖北省潜江市广^华安康路T32号湖北江汉油田总医,"联系电话: 0728-6503209
联系人:李老师18972920605",,,
荆州,荆州中医医院,,N95/医用外科口罩/一次性医用口罩/医用防护面罩/防护服（连体带鞋套）/护目镜/医用帽/一次性手术衣/防护面罩/75%酒精/95%酒精/84消毒液/双氧水/健之素泡腾片/其他含氯消毒剂,"
医用防护口罩GB 19083 2010    医用外科口罩YY 0469-2011     防护服符合GB 19082 2003《医用一次性防护服技术要求》",荆州市中医医院设备科,王丽萍 189721688769；陈堑19907219985；陆泊言19907218709,,,
荆州,荆州市红十字会,急需N95口罩 外科口罩 防护服。缺少很多，数量越多越好。货车可以送到，京东和顺丰可以送，最好发顺丰（最后更新：25日13:56）,N95/外科口罩/护目镜/防护服/一次性手术服/防冲击眼罩/防护面罩/医用帽····,大量,湖北省荆州市荆东路18号荆州红十字会,"张珂13797329842
0716-8466465",急需N95口罩 外科口罩 防护服。缺少很多，数量越多越好。货车可以送到，京东和顺丰可以送，最好发顺丰,,
荆州,荆州市第二人民医院,,N95（无阀门）/防护服（连体带鞋套）/一次性医用外科口罩/防护面罩/护目镜/84消毒液/一次性消毒床罩/一次性普通口罩/一次性医用帽/一次性使用手术衣/一次性医用手套," 医用防护N95：GB19083-2010
医用外科口罩：YY0469-2010
防护服 ：GB 19082-2003《医用一次性防护服技术要求》",荆州市沙市区江津路241号荆州市第二人 民医院器械科,"(江津路总值班) : 189721 62100
谢忠义: 18972162868
项成:15827718818",,,
荆州,荆州市第三人民医院 ,,N95/外科口罩/护目镜/防护服/一次性手术服/防冲击眼罩/防护面罩/医用帽,大量,荆州市沙市区北京东路196号荆州市第三人民医院 医学工程科 ,"周云 13872275799
仇斌 13886575978
周翠红 13886640699
联系电话：0716—8321327",,,
荆州,荆州市中心医院,,N95/外科口罩/护目镜/防护服/一次性手术服/防冲击眼罩/防护面罩/医用帽," 医用防护N95：GB19083-2010
医用外科口罩：YY0469-2011
防护服 ：GB 19082-2003《医用一次性防护服技术要求",荆州市荆州区荆中路60号,"熊伟18107167767;
王功华18107167761",,,500个n95
荆州,荆州市第一人民医院,,N95（无阀门）/防护服（连体带鞋套）/一次性医用外科口罩/防护面罩/护目镜/84消毒液/一次性消毒床罩/一次性普通口罩/一次性医用帽/一次性使用手术衣/一次性医用手套," 医用防护N95：GB19083-2010
医用外科口罩：YY0469-2010
防护服 ：GB 19082-2003《医用一次性防护服技术要求》",荆州市沙市区航空路8号,0716-8111888,丁香园核实,,
荆州,监利县人民医院,,N95/外科口罩/一次性医用口罩/护目镜/防护服/手术衣/防冲击眼罩/防护面罩/医用帽," 医用防护N95：GB19083-2010
医用外科口罩：YY0469-2010
防护服 ：GB 19082-2003《医用一次性防护服技术要求》",荆州市监利县赵家村江城路80号,管医生1517158643,,,
荆州市,荆州市胸科医院,,,,,蔡道文15571665999；昌海流18171975228,丁香园核实,,
汉川,汉川市人民医院,已核实仍然需要-1月25日17：42,N95/外科口罩/护目镜/防护服/一次性医用口罩/防冲击眼罩/防护面罩/医用帽," 医用防护N95：GB19083-2010
医用外科口罩：YY0469-2011
防护服 ：GB 19082-2003《医用一次性防护服技术要求》",汉川市人民大道特一号汉川市人民医院设备科,0712-8377033 凌主任 +86 1387192201,,,
仙桃,仙桃市第一人民医院,,N95/外科口罩/护目镜/一次性医用防护服/一次性医用口罩/一次性手术衣/防护面罩/医用帽,"医用防护N95：GB19083-2010
医用外科口罩：YY0469-2011
防护服 ：GB 19082-2003《医用一次性防护服技术要求》",仙桃市沔州大道中段29号物资供应科,关键 13707223566   彭铁军 13593918277,,,
襄阳,襄阳市中心医院,"1.口罩 防护服 防护眼镜 鞋套 尽可能的多 数量暂不确定 
2.通道顺畅不确定 ，需要后续联系 
3.顺丰通畅 
4.寄送时需要纸条标注寄送人。（最后更新：25日14:48）",N95/医用防护罩/医用外科口罩/护目镜/防护眼镜/防污染鞋套/医用一次性乳胶手套/医用帽/其他感控设备," 医用防护N95：GB19083-2010
医用外科口罩：YY0469-2010
防护服 ：GB 19082-2009《医用一次性防护服技术要求》
护目镜：视野开阔，有弹力佩戴，具备防溅功能
其他控感设备：空气消毒、测体温等设备",湖北省襄阳市襄城区荆州街136号襄阳市中心医院设备处,黄老师 13871636299  金老师 13871655550,"1.口罩 防护服 防护眼镜 鞋套 尽可能的多 数量暂不确定 
2.通道顺畅不确定 ，需要后续联系 
3.顺丰通畅 
4.寄送时需要纸条标注寄送人。",,
襄阳,襄阳市中医医院,"（电话确认，急需！）1.最缺N95和一次性防护服（急需!!） 口罩只剩下45个N95 （需要500-1000），防护服(300)外科口罩尽可能的多 
2.顺丰绿色通道 ，货车进不来可以自己开车接。（最后更新：25日14:56）
",医用防护口罩/医用外科口罩/防护服/鞋套/防护手套/护目镜/面屏/一次性圆帽/医用紫外消毒车/电子体温仪," 医用防护N95：GB19083-2010
医用外科口罩：YY0469-2011
防护服 ：GB 19082-2003《医用一次性防护服技术要求》
一次性手术以有注册证
医用紫外线消毒车有注册证",湖北省襄阳市樊城区长征路24号襄阳中医医院医务处,17707254320,"（电话确认，急需！）1.最缺N95和一次性防护服（急需!!） 口罩只剩下45个N95 （500-1000），防护服(300)外科口罩尽可能的多 
2.顺丰绿色通道 ，货车进不来可以自己开车接。
",,
襄阳,"襄阳市中西医结合医院
（东风人民医院）",,N95防护口罩/医用防护服/医用外科口罩/护目镜/防护眼镜/防污染鞋套/胶鞋/医用一次性乳胶手套/其他感控设备," 医用防护N95：GB19083-2010
医用外科口罩：YY0469-2010
防护服 ：GB 19082-2009《医用一次性防护服技术要求》
护目镜：视野开阔，有弹力佩戴，具备防溅功能
医用酒精：浓度75%以上
其他控感设备：空气消毒、测体温等设备",湖北省襄阳市高新区东风汽车大道16号 襄阳市中西医结合医院（东风人民医院）设备信息部,"华超13871760329
07103393064",,,
宜昌,宜昌市第一人民医院,1. 急缺防护面罩（500）一次性防护服（500）防护鞋套（500）N95越多越好 2.物流有绿色通道，走顺丰。（最后更新：25日14:59）,N95/一次性医用外科口罩/护目镜/防护服/防护面罩/84消毒液/一次性消毒床罩/一次性普通口罩/一次性医用帽/一次性手术衣/一次性医用手套,大量,湖北省宜昌市第一人民医院解放路2号医技楼3楼医工部库房（已核实）,胡世辉 13986827688  王文芳 13872503410  林卫 13997677556,1. 急缺防护面罩（500）一次性防护服（500）防护鞋套（500）N95越多越好 2.物流有绿色通道，走顺丰。,,
宜昌,宜昌市第二人民医院,"重点物资：n95（9132/1860）防护口罩，一次性手术衣，
医用外科口罩，医用防护服，护目镜，长筒防护鞋套，防护面罩
一般物资：一次性圆帽，防冲击眼罩，速干手消毒液，医用紫外线消毒车（最后更新：25日15:03）
",N95/外科口罩/护目镜/防护服/一次性手术服/防冲击眼罩/防护面罩/紫外线消毒车/护目镜/防护面罩,大量,湖北省宜昌市西陵路21号宜昌市第二人民医院新型冠状病毒感染肺炎疫情防控指挥部,"左伟(设备科) 13697282238
龚春燕(药剂科) 13908609328",,,
宜昌,三峡大学附属仁和医院,急需物资：N95（有注册证、无阀门）/一次性医用外科口罩/护目镜/防护服（连体带鞋套）/防护面罩/84消毒液/一次性消毒床罩/一次性普通口罩/一次性医用帽/一次性手术衣/一次性医用手套   急需药品：阿比多尔片、奥司他韦颗粒,急需物资：N95（有注册证、无阀门）/一次性医用外科口罩/护目镜/防护服（连体带鞋套）/防护面罩/84消毒液/一次性消毒床罩/一次性普通口罩/一次性医用帽/一次性手术衣/一次性医用手套   急需药品：阿比多尔片、奥司他韦颗粒," 医用防护N95：GB19083-2010
医用外科口罩：YY0469-2010
防护服 ：GB 19082-2009《医用一次性防护服技术要求》
护目镜：视野开阔，有弹力佩戴，具备防溅功能
医用酒精：浓度75%以上
其他控感设备：空气消毒、测体温等设备",湖北省宜昌市夷陵大道410号 三峡大学附属仁和医院（已核实）,王平13997712859；申西华12872631977；廖勇13986828368；代金枝13972001441,,,已配送
宜昌,宜昌市夷陵医院,,,,,,,,
宜昌,宜昌市第三人民医院,护目镜、N95口罩、外科口罩、一次性医用口罩、医用帽、防护服、手术衣、防冲击眼罩、防护面罩,护目镜、N95口罩、外科口罩、一次性医用口罩、医用帽、防护服、手术衣、防冲击眼罩、防护面罩," 医用防护N95：GB19083-2010
医用外科口罩：YY0469-2010
防护服 ：GB 19082-2009《医用一次性防护服技术要求》
护目镜：视野开阔，有弹力佩戴，具备防溅功能
医用酒精：浓度76%以上
其他控感设备：空气消毒、测体温等设备",湖北省宜昌市西陵区港窑路23号宜昌市第三人民医院总务科（已核实）,李金桥13997661829；付亚男13872505170；黄全祥13617175388,,,
宜昌枝江,枝江市人民医院,,,,,,,,
宜昌宜都,宜都市第一人民医院,急需N95防护口罩3万个，外科口罩3万，普通口罩5万，防护服1万件，面罩1000个，眼罩1000个，75%酒精1万瓶，84消毒液1万，手消1万,急需N95防护口罩3万个，外科口罩3万，普通口罩5万，防护服1万件，面罩1000个，眼罩1000个，75%酒精1万瓶，84消毒液1万，手消1万,,湖北省宜都市陆城东正街52号宜都第一人民医院（已核实）,李黎明18086382821,,,已配送
黄冈罗田,罗田县人民医院,1000个N95口罩，100护目镜，防护服（主要）,N95/医用防护服/医用一次性乳胶手套/护目镜/防污染鞋套/医用外科口罩/医用帽/一次性手术衣/防护面罩,"N95口罩符合《医用防护口罩技术要求》GB19083-2010医用防护服符合《医用一次性防护服技术要求》GB19082-2009符合一次性使用橡胶手套技术要求GB10213-20060469防护眼镜视野开阔，有弹力带佩戴，具有防溅功能。医用外科口罩符合YY0469-2011技术要求
",湖北省黄冈市罗田县凤山镇王葆心大道7号,江主任 13636093228,1000个N95口罩，100护目镜，防护服（主要）,,
襄阳,襄阳市中心医院,,N95/外科口罩/护目镜/防护服/一次性手术服/防冲击眼罩/防护面罩/医用帽/鞋套,大量,湖北省襄阳市襄城区荆州街136号襄阳市中心医院设备处,"设备处黄老师: 13871636299
金老师: 13871655550",,,500个n95
应城,应城市人民医院,,护目镜/N95/外科口罩/一次性医用口罩/医用帽/防护服/手术衣/防冲击眼罩/防护面罩," 医用防护N95：GB19083-2010
医用外科口罩：YY0469-2011
防护服 ：GB 19082-2003《医用一次性防护服技术要求》",应城市蒲阳大道69号应城人民医院动力设备科,0712-3245536  刘主任 +86 13797118609,,,
京山,京山市人民医院,,N95/外科口罩/护目镜/防护服/一次性手术服/防冲击眼罩/防护面罩/医用帽,"医用防护口罩：GB19083-2010
医用外科口罩：YY0469-2010、YY0469-2011
防护服 ：GB 19082-2003《医用一次性防护服技术要求》",湖北省京山市新市镇京源大道448号协和京山医院/京山市人民医院设备处,"张老师：13972873417
胡老师：13986982801",,,
鄂州,鄂州市中心医院,,N95/外科口罩/一次性医用口罩/医用帽/防护服/手术衣/防冲击面罩/防护面罩,"医用防护N95：GB19083-2010
医用外科口罩：YY0469-2011
防护服 ：GB 19082-2003《医用一次性防护服技术要求》
防护眼镜：GB19082-2009
防护面罩、手术衣、医用帽",湖北省鄂州市文星路9号,0711-3251382  江老师 13971986663,,,
天门,天门市第一人民医院,,N95/医用外科口罩/护目镜/医用防护服/一次性手术衣/防冲击眼罩/防护面罩/医用帽,"医用防护N95：GB19083-2010
医用外科口罩：YY0469-2011
防护服 ：GB 19082-2003《医用一次性防护服技术要求》
防护眼镜：GB19082-2009
医用手套：GB10213-2006
医用帽、防护面罩、防冲击眼罩、一次性使用手术衣",湖北省天门市人民大道东1号 天门市第一人民医院 物资供应科,赵老师 +86 15871920991  李老师 +86 13545998801  严老师 +86 13349708315,,,已配送
孝感,孝感市中医院,,N95/医用外科口罩/护目镜/医用防护服/一次性手术衣/防冲击眼罩/防护面罩/医用帽," 医用防护N95：GB19083-2010
医用外科口罩：YY0469-2010
防护服 ：GB 19082-2003《医用一次性防护服技术要求》",孝感市孝南区槐荫大道249号孝感市中医医院,"罗主任(耗材科) 13995866101
洪菊华(总务科) 13971949572",已核实：丁香园。,,
孝感  ,孝感市中心医院,,N95/医用外科口罩/护目镜/医用防护服/一次性手术衣/防冲击眼罩/防护面罩/医用帽," 医用防护N95：GB19083-2010
医用外科口罩：YY0469-2011
防护服 ：GB 19082-2003《医用一次性防护服技术要求》",湖北省孝感市孝南区广场街6号孝感市中心医院,"联系电话: 0712-2471575
杨老师13508690618; 
彭 老师18671292014",,,500个n9
武穴,武穴市第一人民医院,,N95/医用外科口罩/一次性医用口罩/医用帽/防护服/护目镜/防护面罩/医用一次性乳胶手套,医用防护口罩GB19083-2010医用外科口罩YY 0469-2010.N95口罩GB 19083-2010 医用一次性乳胶手套 GB 10213-2006 防护服符合GB19092-2009,湖北省黄冈市武穴市刊江大道216号,0713-6759553  杨胜文 +86 13635869509  陶筱颖 ——86 18782520800,,,
武穴,武穴市广济爱心协会,,N95/医用外科口罩/一次性医用口罩/防护帽/一次性医用防护服/手术衣/护目镜/医用一次性乳胶手套/洁肤柔免洗手消毒凝胶/万金消毒片,大量,,陈猛 13986545110,,,
汉川,汉川市第二人民医院,1.医用外科口罩 N95口罩 防护服（急需越多越好） 护目镜（100-200个）2.货车可到3. 顺丰可到（最后更新：25日15:18）,N95/医用外科口罩/一次性口罩/医用防护服/一次性手术衣/防护面罩/防冲击眼罩/一次性圆帽,大量,汉川市第二人民医院,0712-8512143   刘志刚 13733462690   刘运涛13972694877,1.医用外科口罩 N95口罩 防护服（急需越多越好） 护目镜（100-200个）2.货车可到3. 顺丰可到,,
汉川,汉川中医医院,"1.外科口罩 N95口罩 防护服 护目镜 医用手套（越多越好 急需）
2.货车可以送到3.物流不清楚应该不可以（最后更新：25日15:21）",N95/护目镜/外科口罩/一次性医用口罩/医用帽/防护服/手术衣/防冲击眼罩/防护面罩,大量,湖北省汉川市西湖大道26号,0712-8292455  王科长 13789972938,"1.外科口罩 N95口罩 防护服 护目镜 医用手套（越多越好 急需）
2.货车可以送到3.物流不清楚应该不可以",,
,湖北省第三人民医院,,N95/外科口罩/护目镜/防护服/一次性医用口罩/一次性手术衣/防护面罩/防冲击眼罩/一次性圆帽,/,湖北省武汉市桥口区中山大道26号湖北省第三人民医院医学装备部,027-83743013  杨先生 +86 15102749696   李先生 +86 18507106399,,,
洪湖,洪湖市人民医院,已核实信息,防护服/n95口罩/护目镜,大量,湖北省洪湖市新堤城区名流大道与洪湖大道交叉口协和分院洪湖人民医院,"钟欣医生（五官科科主任）
：18071277271",,,n95口罩 500个
孝昌县,孝昌县第一人民医院,,护目镜、N95ロ罩、外科口罩、一次性医用口罩、医用帽、防护服、手术衣、防冲击眼罩、防护面罩,,湖北省孝昌县汇通大道具第入民医院,"医务科熊主任13429939157
24小时值班电话:0712-4768435",,,300个护目镜 10套防护服
黄石,黄石市第五医院,,N95/护目镜/外科口罩/一次性医用口罩/医用帽/防护服/手术衣/防冲击眼罩/防护面罩,大量,湖北省黄石市下陆区下陆大道33号,"陆老师13317238996
冯老师13872056964",已核实：丁香园。,,
广水市,广水市第一人民医院,,"N95口罩，护目镜，防护服
规格：不带气阀型套、一次性医用帽、防冲击眼置、防护面罩、防污染鞋棄",,湖北省广水市应山街道四贤路10号 广水市第一人民医院,"联系人：刘方学
电话：13972983383
",,,
孝感,孝感市妇幼保健院,,防护服、手术衣、护目镜，N95口罩，医用外科口罩、一次性医用口罩、一次性医用乳服,,湖北省孝感市孝南区城站路73号孝感市妇幼保健院,胡主任(设备科) 13477716433 ;,,,
松滋,松滋市人民医院,,N95口罩(有注册证，无阀门)、医用外科口罩、医用防护服（连体带鞋套)、防护面罩、护目镜、84消毒液、一次性消毒床罩、一次性普通口罩、一次性医用帽、一次性使用手术衣、一次性医用手套等,,松滋市人民医院（湖北省松滋市新江口街道民主路108号）,湖北省孝感市孝南区城站路73号孝感市妇幼保健院,,,
大治市,大冶市人民医院,,N95/护目镜/外科口罩/一次性医用口罩/医用帽/防护服/手术衣/防冲击眼罩/防护面罩,"医用防护口罩GB19083-2010
医用外科口罩YY0469-2011
防护服符合GB19082-2003《医用一次性防护服技术要求》",湖北省大冶市城北开发区东风路25号,"罗老师: 13687187228
梁老师: 15826955767
赵老师: 13972785028",,,
恩施,恩施市中心医院,,N96/护目镜/外科口罩/一次性医用口罩/医用帽/防护服/手术衣/防冲击眼罩/防护面罩,"医用防护口罩GB19083-2010
医用外科口罩YY0469-2011
防护服符合GB19082-2004《医用一次性防护服技术要求》",湖北省恩施市航空大道234号,0718-8223261；马老师 18972411999,,,
恩施,湖北民族大学附属民大医院,,,,湖北省恩施市土桥大道五峰山路二号,潘国华，15272214410,,,已配送
恩施,恩施州咸丰县人民医院,,N95/护目镜/外科口罩/一次性医用口罩/正压隔离衣/医用帽/防护服/手术衣/防冲击眼罩/防护面罩,"医用防护口罩GB19083-2010
医用外科口罩YY0469-2011
防护服符合GB19082-2003《医用一次性防护服技术要求》",湖北省咸丰县高乐山镇金烟路天使胡同2号,0718-6822913；陈老师18007266182,,,
恩施,宣恩县,,"N95口罩，应符合《医用防护口罩技术要求》GB19083-2010
医用外科口罩，YY0469-2011医用外科口罩技术
一次性医用防护服，符合《医用一次性防护服技术要求》GB19082-2009
防护眼镜/眼罩/护目镜，视野宽阔、透亮度好、有较好的防溅性能。弹力带佩戴
医用一次性乳胶手套，一次性使用医用橡胶检查手套GB10213-2006
",,湖北省宣恩县恩珠山镇民族路88号,电话5832785；李庆玲13697187794；黄颖15172806624,官网“宣恩新闻网”核实,,
恩施,来凤县,,N95口罩/外科口罩/一次性医用口罩/医用帽/防护服/手术衣/防冲击眼罩/防护面罩,"N95口罩符合《医用防护口罩技术要求》GB19083-2010医用防护服符合《医用一次性防护服技术要求》GB19082-2003防护眼镜视野开阔，有弹力带佩戴，具有防溅功能。医用外科口罩符合YY0469-2010
",湖北省恩施土家族苗族自治州来凤县中心医院,陈炫颖17607187131；林涵：18826909645,,,
恩施,湖北省巴东县人民医院,,防护物资匮乏，需要尽可能多的N95口罩、外科口罩、防护服、防护面罩、医用帽、防护面罩、外科手套、护目镜。,,湖北省巴东县人民医院,龚华（18972402599）、潘世明（13597769588）,,,
云梦,云梦县中医院,,"N95口罩/外科口罩/一次性医用口罩/
手术衣/75%酒精/免洗手消毒液/84消毒液/水银体温计"," 医用防护N95：GB19083-2010
医用外科口罩：YY0469-2010","湖北省云梦县城关镇曲阳路2号
云梦县中医院设备科","0712-4339200
13507294698",,,
云梦,云梦县人民医院,," N95/护目镜/外科口罩/一次性医用口罩/靴子（大码胶鞋）/
防护服/手术衣/防冲击眼罩/防护面罩/医用隔离衣","N95口罩符合《医用防护口罩技术要求》GB19083-2010医用防护服符合《医用一次性防护服技术要求》GB19082-2003防护眼镜视野开阔，有弹力带佩戴，具有防溅功能。医用外科口罩符合YY0469-2010
","湖北省孝感市云梦县城关镇建设路32号
云梦县人民医院办公室","莫科长13429934678
褚科长13797181378",,,
孝感,湖北航天医院,,"外科口罩，N95防护口罩，一次性医用帽，防护服（含鞋套），防护面罩 ，护目镜，一次性手术衣，乳胶手套
",,湖北省孝感市北京路36号,张秋月 13635811433,,,护目镜200个
麻城,麻城市人民医院,,,,湖北省黄冈市麻城市南正街贡家巷20号,"采购中心 0713-2967360
联系人：余主任 15926718660",,,已配送
潜江,潜江市红十字会,,,,,潜江市红十字会：0728-6951960；胡浩月18163085288；赵田18163086257；陈辰18163088883,,,
仙桃,仙桃市第一人民医院,," N95/护目镜/外科口罩/一次性医用口罩/靴子（大码胶鞋）/
防护服/手术衣/防冲击眼罩/防护面罩/医用隔离衣","N95口罩符合《医用防护口罩技术要求》GB19083-2010医用防护服符合《医用一次性防护服技术要求》GB19082-2003防护眼镜视野开阔，有弹力带佩戴，具有防溅功能。医用外科口罩符合YY0469-2010
",仙桃第一人民医院,医院总值班室：0728-3220079；办公室电话0728-3220211；关键13707223566；彭铁军13593918277,,,
,枣阳市第一人民医院,,n95口罩1000 个,,湖北省枣阳市一医院东院区住院部五楼儿科,李先清  13972201059,,,"已配送n95 1000    300个护目镜 10套防护服
"
,安陆普爱医院 ,,n95口罩 500个,,湖北省安陆市太白大道99号安陆市普爱医院耗材科,施老师：15307297308,,,n95口罩 500个
,鄂州市中医医院物,,500个 n95,,湖北省鄂州市滨湖北路12号,物资供应科: 0711-3872233 联系人:王老师13377802338,,,500个 n95
,大悟县人民医院,,护目镜200个,,湖北省孝感市大悟县城关镇前进大道99号 大悟县人民医院设备科,,方向阳 13907291649,,护目镜200个
,国药东风总医院,,护目镜200个,,湖北省十堰市张湾区大岭路16号国药东风总公司,,王老师 13972468860,,护目镜200个
,黄冈市妇幼保健院,,N95口罩（急需），医用外科口罩（急需），免洗手酒精凝胶（急需）医用防护服，医用一次性乳胶手套，护目镜,,湖北省黄冈市黄州区黄州大道31号黄冈市妇幼保健院,,李宝强15377133969,,
,黄冈市黄州区总医院,, 护目镜 200个,,湖北省黄冈市黄州区黄州大道（黄州总医院,,张志刚（总医院采购部部长）18986561333,, 护目镜 200个
,安陆市妇幼保健院,,500个n95,,湖北省孝感市安陆市府城街道儒学路27号妇幼保健院,,丁医生 15972321916 ,,500个n95
,武穴市第二人民医院,,N95口罩，标准GB 19083-2010；医用外科口罩，标准YY 0469-2010；医用防护口罩，标准GB19083-2010；防护服，标准GB 19082-2009；医用一次性乳胶手套，标准GB 10213-2006；防护眼镜、防护面罩、医用帽、防污染鞋套,,湖北省黄冈市武穴市梅川镇明康路西6号,,李锦春15997321063,,已配送
,洪湖市中医医院,,N95/护目镜/外科口罩/一次性医用口罩/靴子（大码胶鞋）/,,  湖北省洪湖市新堤街道文泉西路6号 ,,汤立琪 手机：13545637297,,
,红安县中医院,, N95/护目镜/外科口罩/一次性医用口罩/靴子（大码胶鞋）/,,湖北省黄冈市红安县城关镇胜利街86号,,董文，13607253607,,
